phis,ndkls,ers,eeds,arps,awrfs,trials,test_num
original,0.006475284103670605,0.9779141442397704,0.11120954502837183,0.08808631202957073,0.9574655474641017,0,1
0,0.4771316887679212,0.8285651702725259,0.11285398658724186,1.0,0.6096697283279978,0,2
0,0.4771316887679212,0.8285651702725259,0.11285398658724186,1.0,0.6096697283279978,1,3
0,0.4771316887679212,0.8285651702725259,0.11285398658724186,1.0,0.6096697283279978,2,4
0,0.4771316887679212,0.8285651702725259,0.11285398658724186,1.0,0.6096697283279978,3,5
0,0.4771316887679212,0.8285651702725259,0.11285398658724186,1.0,0.6096697283279978,4,6
0,0.4771316887679212,0.8285651702725259,0.11285398658724186,1.0,0.6096697283279978,5,7
0,0.4771316887679212,0.8285651702725259,0.11285398658724186,1.0,0.6096697283279978,6,8
0,0.4771316887679212,0.8285651702725259,0.11285398658724186,1.0,0.6096697283279978,7,9
0,0.4771316887679212,0.8285651702725259,0.11285398658724186,1.0,0.6096697283279978,8,10
0,0.4771316887679212,0.8285651702725259,0.11285398658724186,1.0,0.6096697283279978,9,11
0.1,0.36441279586390724,0.840290458743965,0.11268452093062097,0.9534244736455384,0.6266007218674178,0,12
0.1,0.3652664006284589,0.8402879110901638,0.11268455690374048,0.9557696130927216,0.6257526051489025,1,13
0.1,0.3640343350595139,0.8422926113413433,0.11265636283280904,0.954808207573917,0.6260234394233449,2,14
0.1,0.3568851272396999,0.8419833819210835,0.11266069715985902,0.9511250787416243,0.6274225926120003,3,15
0.1,0.3547003035603956,0.8422836620299335,0.11265648819615422,0.9523529081473017,0.6271043167972299,4,16
0.1,0.36095376770747817,0.8408203215759695,0.11267704713351878,0.9527631543842054,0.6268638804293355,5,17
0.1,0.35938471915437437,0.8413838987017841,0.11266911506848203,0.952691191868513,0.6268593869382275,6,18
0.1,0.354839366978995,0.8420849393596799,0.11265927308665942,0.9502307926013087,0.6278073138981553,7,19
0.1,0.3540859465670449,0.8417451248777696,0.11266404034450705,0.9488458949509164,0.6283237236811047,8,20
0.1,0.36286331075535955,0.8407028192266097,0.11267870316294276,0.9538107266726916,0.6264296999616892,9,21
0.2,0.29163485486037133,0.8521141647162122,0.11252145149569633,0.9039982733103489,0.6446635947857942,0,22
0.2,0.28132908283273805,0.8537770407881964,0.11249913224542639,0.8964385810881241,0.6474249612756175,1,23
0.2,0.28575036698272593,0.8534754688867194,0.11250316885569348,0.9034112611222946,0.6448873003686155,2,24
0.2,0.28124836838890166,0.8542588383224594,0.11249269346701421,0.898826983612518,0.6466347309295586,3,25
0.2,0.28144001985702277,0.8542361266726483,0.11249299670579667,0.9010278728706946,0.6458739015306166,4,26
0.2,0.2913708421164459,0.8520669304681131,0.11252208766652824,0.9036791738888026,0.644716827096577,5,27
0.2,0.2773383589558273,0.8563363400756783,0.11246507279242715,0.9001800158160089,0.6461950812894968,6,28
0.2,0.28927866562351723,0.8521843821293862,0.11252050600172538,0.9017320444838215,0.6454505348457571,7,29
0.2,0.2838446345819781,0.8531298552033784,0.11250780102335547,0.8982684997273553,0.6468184137198839,8,30
0.2,0.2986364706561607,0.8504529545447518,0.11254389827112277,0.9082179635586956,0.6430141164045946,9,31
0.3,0.22412714338377532,0.8670253800160612,0.11232659002394547,0.8441171944051873,0.6666875294240746,0,32
0.3,0.2199469261506218,0.8672096979642129,0.11232425472542758,0.8430237235514009,0.6672027269493017,1,33
0.3,0.2248194389279298,0.8657644409174413,0.11234261349703552,0.8468978568159515,0.6658122465301538,2,34
0.3,0.22954541717030624,0.8646010201106996,0.11235747136077767,0.8464783521436161,0.6656805174074595,3,35
0.3,0.2227084717079124,0.8662867937776308,0.11233596560846489,0.8417511250753189,0.6676396905911318,4,36
0.3,0.21746995975603373,0.8676349297848744,0.11231887379679885,0.8405710767264343,0.6682031044208543,5,37
0.3,0.21602528353273412,0.8697518680293349,0.11229222532156612,0.840149518427016,0.6683261666257342,6,38
0.3,0.22349802967237448,0.866084510897868,0.11233853833687636,0.8433576604286204,0.6670137541363783,7,39
0.3,0.21631709460663803,0.8678487414844516,0.11231617174872935,0.8358831252760952,0.6698672112694569,8,40
0.3,0.22876031355428342,0.8644823682809278,0.11235899062431973,0.8451746583307891,0.6662905183792669,9,41
0.4,0.16528714862159227,0.8816336051443809,0.11214690764936358,0.7705926386128543,0.694103922458276,0,42
0.4,0.1639379214390023,0.8829234221174697,0.1121315607708627,0.7734762048540249,0.6930835004843752,1,43
0.4,0.16741717651300797,0.882660684393435,0.11213468023878813,0.7808604830962618,0.6904291833894991,2,44
0.4,0.1675558774699348,0.8810600449817665,0.11215375878714308,0.7739822699078995,0.6929749996292265,3,45
0.4,0.15633788562737566,0.885877118402714,0.11209672718106488,0.767393327207706,0.6958073887853454,4,46
0.4,0.1675208832520132,0.8808984437121515,0.11215569207009372,0.7717389732504634,0.6937118608553718,5,47
0.4,0.1704619692890797,0.8806672026828,0.11215846074419279,0.7735148472702993,0.6929042753431043,6,48
0.4,0.16712769423186966,0.8806975310771558,0.11215809746666619,0.7700899791572253,0.6943538538145837,7,49
0.4,0.16041452175687212,0.88294692880993,0.11213128184465887,0.7629951083116295,0.6970004856852191,8,50
0.4,0.1598029157534949,0.8845892373216557,0.11211186237352565,0.7680655478061367,0.6951589749678152,9,51
0.5,0.12145718951293037,0.895943677101233,0.11198121755356528,0.694794512277173,0.7228121744462961,0,52
0.5,0.1252999540111385,0.8941410511441107,0.11200154128341955,0.7003928537268684,0.7206746513991493,1,53
0.5,0.11646864515934253,0.8991987359057391,0.11194491188919091,0.6893505864705438,0.7250315302219766,2,54
0.5,0.1213385991314579,0.896033787295373,0.11198020569433281,0.6932989754676959,0.7232452366207306,3,55
0.5,0.12088409277435855,0.8966550784098385,0.1119732397065548,0.6983455073202478,0.7215429824456043,4,56
0.5,0.11646598718093018,0.8979581338165883,0.11195868956134972,0.6904745365729505,0.7246619408105774,5,57
0.5,0.12329772895147466,0.8954571875860865,0.111986687125593,0.6994355554622296,0.7208729400485994,6,58
0.5,0.11725321669038835,0.8985614431920732,0.1119519802940132,0.692836156377473,0.7236881628043923,7,59
0.5,0.11469323896435683,0.9018549938299179,0.11191565760899859,0.6878096816160963,0.7253430860934389,8,60
0.5,0.12390524956454844,0.89514517909627,0.11199020098911101,0.700411712868912,0.7205828279466425,9,61
0.6,0.07612224310744813,0.9170275636429934,0.11175484822230534,0.5997162845730901,0.7594748669952252,0,62
0.6,0.08248888951599627,0.9120511433364824,0.11180642609523887,0.6015750908999522,0.7584382175681493,1,63
0.6,0.07537735873128515,0.9160463869766581,0.11176492874021252,0.5923544079796144,0.7622300386638058,2,64
0.6,0.0898339577776094,0.9083349275155403,0.11184568016319445,0.6133273141523536,0.7533000876411592,3,65
0.6,0.0716101754867199,0.9194923849788413,0.11172971601153679,0.5912480677294427,0.7629392284377395,4,66
0.6,0.07965990968391494,0.9145474387296427,0.1117804128472426,0.6054163832447372,0.7569430287313241,5,67
0.6,0.0794557124309117,0.9138134782138106,0.11178803181301201,0.5991140755446231,0.7591972652075282,6,68
0.6,0.08194705660762071,0.9140604838870304,0.11178546500780011,0.6095974653039276,0.7549336639708172,7,69
0.6,0.07600565126299548,0.9169946127293284,0.11175518605215301,0.5913939094794383,0.7624515442397055,8,70
0.6,0.08520485044577815,0.9105823261378576,0.1118218652552532,0.6063044913902456,0.7562520708479812,9,71
0.7,0.049600232806862495,0.9305091628575366,0.11162068147549367,0.4974426096370319,0.7987708789483543,0,72
0.7,0.05002054080853177,0.929769989737781,0.11162783059501911,0.4944214161541969,0.8000267602267849,1,73
0.7,0.046502853160735824,0.9332106252523952,0.11159475467614904,0.4954663187274755,0.8000549750940559,2,74
0.7,0.04336595440322301,0.9347836771335959,0.11157980241580408,0.47754243268454294,0.8068720521652164,3,75
0.7,0.0454121845379573,0.9352751278252739,0.11157515280461262,0.4902697180758493,0.8018994696103208,4,76
0.7,0.048534244979062245,0.9315914341276824,0.11161025671339905,0.498320329852213,0.7986068728734013,5,77
0.7,0.04815500788477041,0.9328563358678265,0.1115981369613317,0.49467153081932075,0.7997438370528439,6,78
0.7,0.049986155577717205,0.9295774665476508,0.11162969653221066,0.4869457686203351,0.8026926445018132,7,79
0.7,0.04383179928833153,0.9351729779317004,0.11157611839294573,0.4844910339411676,0.8041621961418658,8,80
0.7,0.046754021177749384,0.9331593719814659,0.11159524364011986,0.4923004472166585,0.8008306591958944,9,81
0.8,0.019734820464227008,0.9556244691585049,0.11139152911312808,0.340503418270836,0.8607680377051004,0,82
0.8,0.0202274973271855,0.9561976685811585,0.11138660343483041,0.3553058767157349,0.8553408861226424,1,83
0.8,0.02523913267371432,0.9542125787441254,0.11140371852019182,0.38512736569497075,0.8431043076880885,2,84
0.8,0.023941356601484744,0.9517208608552835,0.11142542777131807,0.37250654375434755,0.8480620577198339,3,85
0.8,0.022580943210066064,0.9526132080310039,0.11141762411145123,0.3550283461290558,0.8549723210042927,4,86
0.8,0.022318795220846135,0.9531288757944928,0.11141312933140529,0.35648417948159916,0.8541700210812841,5,87
0.8,0.024191533806940533,0.9503504865997552,0.11143747512319417,0.36349110374737487,0.8513169886180456,6,88
0.8,0.022183602194424303,0.9532371310353678,0.11141218710578793,0.36074057831405054,0.8527012171508056,7,89
0.8,0.0243574720553052,0.9503633281784346,0.11143736187255987,0.3746500170220015,0.8477198828063097,8,90
0.8,0.027060459053035727,0.9475140049863118,0.11146265622945592,0.37633198894347714,0.8460687282941849,9,91
0.9,0.005663445401573104,0.9773534033919495,0.11121388741418055,0.1956474948427862,0.9203136515670871,0,92
0.9,0.00542680129346239,0.9774561329379683,0.11121309098332385,0.17624867671544053,0.9273341721722074,1,93
0.9,0.006541331498273391,0.9761529384872301,0.11122322394991495,0.21150555183535302,0.9127315153285441,2,94
0.9,0.005485700495242577,0.9776758690112695,0.11121138877963739,0.1977460963586813,0.9195322696941952,3,95
0.9,0.005463949410466344,0.9794154887121398,0.11119797715402903,0.1872486734809778,0.9238405120013257,4,96
0.9,0.007449421044523563,0.9740186548057773,0.11123995874788328,0.20579977146211004,0.9142586421496169,5,97
0.9,0.006685116656586406,0.9760552092695758,0.11122398644396611,0.20159024666782321,0.9170696367484277,6,98
0.9,0.00754962158570189,0.9730889146725383,0.11124730326313875,0.216955929453734,0.9102253662089131,7,99
0.9,0.005238567843177403,0.9772764702427348,0.11121448411553393,0.17937588869642407,0.92649579885302,8,100
0.9,0.006716744535405931,0.9763996418645989,0.11122130075979925,0.20164097125676794,0.9161775481978316,9,101
1,0.0005777007826842864,0.9972926896569233,0.11102912717795789,0.019450894687453257,0.9911619589254341,0,102
1,0.0006226629579687385,0.9987468716641867,0.11103913173237459,0.007940468910490439,0.9957220318279119,1,103
1,0.001587932059018225,0.9941256165246992,0.11100749869453817,0.007262344134196741,0.9957359602560142,2,104
1,0.0005860529964681992,0.998022776939592,0.11106154791009246,0.01307821603263587,0.9937892722989462,3,105
1,0.0011369979813103553,0.9990748253347922,0.11105421022132954,0.020480463511847125,0.9917495433432673,4,106
1,0.002405442455371614,0.9896179240377944,0.11097709802843163,0.03460074126696372,0.9845904207858533,5,107
1,0.0013763569174630506,0.9989037376948744,0.11105540081173737,0.002203986812359837,0.9981054939151986,6,108
1,0.0021821683859994567,0.9958262451873037,0.11107699567778165,0.0029845533529663792,0.9982242909123017,7,109
1,0.0006540752256900548,0.9977448738703762,0.11106349279347638,0.01241409014762307,0.9934575810690083,8,110
1,0.0006088350493258278,0.9999408571898705,0.11104819954452143,0.006005199201912559,0.99776982107022,9,111
